100, initial, 0
100, n002-init, 5896339498164113/4503599627370496
100, n002-end, 10457405603549027/4503599627370496
100, n004-init, 4983888354447431/1125899906842624
99, initial, 436440013268491/70368744177664
99, n002-init, 31381440338171839/4503599627370496
99, n002-end, 17406866760466429/2251799813685248
98, initial, 4446994913456043/562949953421312
98, n002-init, 40100717170128277/4503599627370496
99, n004-init, 43906439510967153/4503599627370496
98, n002-end, 2925830990148251/281474976710656
97, initial, 877147437823907/70368744177664
96, initial, 7175269557044521/562949953421312
98, n004-init, 58464749011027253/4503599627370496
97, n002-init, 30618642327618437/2251799813685248
96, n002-init, 15809913825936441/1125899906842624
97, n002-end, 131288168467095107/9007199254740992
96, n002-end, 8679160923793455/562949953421312
97, n004-init, 152776611538623053/9007199254740992
96, n004-init, 156325695576983855/9007199254740992
95, initial, 1372797702455915/70368744177664
95, n002-init, 90619716604128467/4503599627370496
100, n004-end, 23068768198097763/1125899906842624
95, n002-end, 93067233271193561/4503599627370496
94, initial, 5902037982960227/281474976710656
96, n004-end, 196676777302320383/9007199254740992
94, n002-init, 3109325528206701/140737488355328
99, n004-end, 101045094171293665/4503599627370496
95, n004-init, 51071793271494093/2251799813685248
100, final, 102387537456316841/4503599627370496
94, n002-end, 105533033749212719/4503599627370496
96, final, 215502001965936909/9007199254740992
94, n004-init, 226876107271553605/9007199254740992
99, n004-init, 14557773751718951/562949953421312
93, initial, 7283183904392789/281474976710656
92, initial, 14761332734960565/562949953421312
98, n004-end, 118328396697886829/4503599627370496
93, n002-init, 241864743412626443/9007199254740992
91, initial, 15205528608601467/562949953421312
93, n002-end, 243698346129954491/9007199254740992
92, n002-init, 61735909363276519/2251799813685248
91, n002-init, 250811170310298893/9007199254740992
92, n002-end, 127090760964776807/4503599627370496
91, n002-end, 255397096572235545/9007199254740992
90, initial, 998560726051277/35184372088832
93, n004-init, 32268931352920765/1125899906842624
98, n004-init, 131237552340885559/4503599627370496
90, n002-init, 263075355038528701/9007199254740992
92, n004-init, 135027403959161389/4503599627370496
90, n002-end, 275309574695147755/9007199254740992
91, n004-init, 277003883568949123/9007199254740992
89, initial, 17686857307013457/562949953421312
88, initial, 17784414088198019/562949953421312
93, n004-end, 18061798025492189/562949953421312
89, n002-init, 36386951536646609/1125899906842624
88, n002-init, 145998583752420633/4503599627370496
90, n004-init, 293951542589742547/9007199254740992
87, initial, 9292639635360143/281474976710656
89, n002-end, 149546952223425463/4503599627370496
86, initial, 18749866168975819/562949953421312
88, n002-end, 151537831783740069/4503599627370496
87, n002-init, 38326636932468537/1125899906842624
86, n002-init, 155111803585998607/4503599627370496
93, n007-init, 155849022067569451/4503599627370496
86, n002-end, 312594882905619889/9007199254740992
93, n007-end, 158101141754114605/4503599627370496
89, n004-init, 79442719143241117/2251799813685248
87, n002-end, 40069449342469507/1125899906842624
88, n004-init, 40317958518258985/1125899906842624
93, n014-init, 323612185553637105/9007199254740992
90, n004-end, 328682402196098339/9007199254740992
86, n004-init, 331188823155626039/9007199254740992
93, n014-end, 332628351859990143/9007199254740992
87, n004-init, 21394325804181653/562949953421312
85, initial, 10803873143845569/281474976710656
84, initial, 5436323709766473/140737488355328
90, n007-init, 351121181353374665/9007199254740992
93, n017-init, 354444330862616919/9007199254740992
84, n002-init, 354932946457816277/9007199254740992
85, n002-init, 178442806458717913/4503599627370496
84, n002-end, 361970304351877901/9007199254740992
85, n002-end, 184109576936769023/4503599627370496
90, n007-end, 376720037757570181/9007199254740992
95, n004-end, 94243727141432269/2251799813685248
84, n004-init, 47403679690935255/1125899906842624
83, initial, 11959715915427833/281474976710656
93, n017-end, 384823330271047747/9007199254740992
90, n014-init, 385727237012477397/9007199254740992
82, initial, 6044786308154683/140737488355328
85, n004-init, 387308755972924651/9007199254740992
83, n002-init, 48745308376600969/1125899906842624
83, n002-end, 48745308376600969/1125899906842624
86, n004-end, 390000790257502063/9007199254740992
81, initial, 24451693604486765/562949953421312
93, n009-init, 394060506755487137/9007199254740992
90, n014-end, 394880353655488995/9007199254740992
81, n002-init, 198719901437568123/4503599627370496
82, n002-init, 198829187112257529/4503599627370496
95, n004-init, 25238577776883877/562949953421312
80, initial, 25301773485453489/562949953421312
82, n002-end, 101261662676725063/2251799813685248
93, n020-init, 405319761124189087/9007199254740992
79, initial, 12666874237417929/281474976710656
93, n021-init, 406875840578003089/9007199254740992
83, n004-init, 206470350180092437/4503599627370496
80, n002-init, 207003753006671771/4503599627370496
79, n002-init, 51762053778979879/1125899906842624
90, n017-init, 414697455670261347/9007199254740992
81, n002-end, 51884213419406385/1125899906842624
87, n004-end, 25982660658541125/562949953421312
97, n004-end, 417034326873841645/9007199254740992
80, n002-end, 417113890295972937/9007199254740992
86, n004-init, 417698084477243773/9007199254740992
82, n004-init, 211731581286404747/4503599627370496
93, n021-end, 423663747505551365/9007199254740992
93, n020-end, 425332831258822503/9007199254740992
79, n002-end, 26809011225931183/562949953421312
81, n004-init, 107765752790174683/2251799813685248
90, n017-end, 434391368306272507/9007199254740992
80, n004-init, 436787464325945015/9007199254740992
97, n004-init, 441744116859550737/9007199254740992
87, n004-init, 443128186220744173/9007199254740992
90, n009-init, 443543359254064651/9007199254740992
91, n004-end, 443915752526599171/9007199254740992
79, n004-init, 28020855393930785/562949953421312
90, n020-init, 224801031990809713/4503599627370496
92, n004-end, 225242926226695597/4503599627370496
93, n027-init, 452207379008642837/9007199254740992
90, n021-init, 452944384423494139/9007199254740992
90, n020-end, 228446266917526883/4503599627370496
94, n004-end, 460085196127747077/9007199254740992
91, n004-init, 469656171195294819/9007199254740992
93, n009-end, 471631515122322017/9007199254740992
98, n004-end, 235962051311941655/4503599627370496
90, n009-end, 473768129891676719/9007199254740992
92, n004-init, 29752038213732405/562949953421312
78, initial, 15156716679044287/281474976710656
94, n004-init, 485095830290466377/9007199254740992
99, n004-end, 30484438581940795/562949953421312
98, final, 488674793061777611/9007199254740992
78, n002-init, 247993293924499429/4503599627370496
78, n002-end, 3929047766137235/70368744177664
99, n007-init, 506410941232092695/9007199254740992
93, n027-end, 509563422422982525/9007199254740992
95, n004-end, 16044842169760389/281474976710656
78, n004-init, 517636892291929341/9007199254740992
77, initial, 8121892587469587/140737488355328
90, n021-end, 523519657368805947/9007199254740992
93, final, 262408087447741683/4503599627370496
85, n004-end, 526129242110866123/9007199254740992
77, n002-init, 132671980110534115/2251799813685248
89, n004-end, 132712691651663829/2251799813685248
82, n004-end, 265705061092619003/4503599627370496
97, n004-end, 531701988192403089/9007199254740992
95, n007-init, 133151138643944777/2251799813685248
87, n004-end, 536101667864083805/9007199254740992
86, n004-end, 540017831940462477/9007199254740992
88, n004-end, 67758830148791085/1125899906842624
77, n002-end, 33900937411750359/562949953421312
85, n007-init, 545066986235469405/9007199254740992
90, n028-init, 274029931617882035/4503599627370496
99, n007-end, 548327600803628631/9007199254740992
82, n004-init, 275404360380137235/4503599627370496
83, n004-end, 275901264771352805/4503599627370496
95, n007-end, 138690005179195875/2251799813685248
87, n004-init, 558784384828184649/9007199254740992
89, n004-init, 69976284211971579/1125899906842624
97, n004-init, 560259712547803609/9007199254740992
99, n014-init, 560656770195797789/9007199254740992
77, n004-init, 561465906696340689/9007199254740992
88, n007-init, 282442107457812839/4503599627370496
86, n004-init, 283615025727198019/4503599627370496
99, n014-end, 569843500229111173/9007199254740992
95, n014-init, 569843500229111173/9007199254740992
84, n004-end, 71571458961284231/1125899906842624
92, n004-end, 35871889675373625/562949953421312
83, n004-init, 578618356210362805/9007199254740992
95, n014-end, 578997259603592243/9007199254740992
76, initial, 18392403494178633/281474976710656
84, final, 590546688258147377/9007199254740992
99, n017-init, 590984715689865305/9007199254740992
85, n007-end, 591782615289211149/9007199254740992
76, n002-init, 595802067011030965/9007199254740992
88, n007-end, 298273934753366723/4503599627370496
75, initial, 18703931700070805/281474976710656
74, initial, 18724571700197037/281474976710656
92, n004-init, 299976471855216879/4503599627370496
76, n002-end, 604172311887335857/9007199254740992
82, n004-end, 303438727628563291/4503599627370496
75, n002-init, 152197872497458955/2251799813685248
99, n017-end, 610295305219079997/9007199254740992
95, n016-init, 610295305219079997/9007199254740992
74, n002-init, 76387096044843765/1125899906842624
75, n002-end, 613161691264905387/9007199254740992
86, n004-end, 307087066409112667/4503599627370496
99, n009-init, 617125741675209577/9007199254740992
89, n004-end, 38629234850720425/562949953421312
74, n002-end, 310173914424593255/4503599627370496
76, n004-init, 621045688462717863/9007199254740992
79, n004-end, 39022986028110415/562949953421312
75, n004-init, 625934069249279847/9007199254740992
99, n020-init, 628466547138879385/9007199254740992
99, n009-end, 630776189577713519/9007199254740992
99, n021-init, 631965358781112487/9007199254740992
95, n016-end, 634557000250046285/9007199254740992
85, n014-init, 634557000250046285/9007199254740992
74, n004-init, 635203876469859093/9007199254740992
82, n004-init, 318005682041832787/4503599627370496
99, n020-end, 639245512098053137/9007199254740992
86, n004-init, 640147933489025451/9007199254740992
79, final, 642592479363125839/9007199254740992
85, n014-end, 642922482769606859/9007199254740992
88, n014-init, 642922482769606859/9007199254740992
78, n004-end, 646116753397457965/9007199254740992
89, n004-init, 647197730452063353/9007199254740992
73, initial, 40598151948441207/562949953421312
92, n004-end, 325460946030622031/4503599627370496
95, n011-init, 652116797385564851/9007199254740992
88, n014-end, 652844499827475415/9007199254740992
72, initial, 41004567913108925/562949953421312
73, n002-init, 329755356709857319/4503599627370496
71, initial, 41221159432783845/562949953421312
85, n017-init, 662019670848938195/9007199254740992
91, n004-end, 662862216505354947/9007199254740992
71, n002-init, 83158416933908329/1125899906842624
72, n002-init, 83180945776326489/1125899906842624
72, n002-end, 10416486676665619/140737488355328
73, n002-end, 166859516124069705/2251799813685248
92, final, 167349964464669651/2251799813685248
83, n004-end, 673899752518744725/9007199254740992
78, n004-init, 677311158462904995/9007199254740992
71, n002-end, 10590237278040613/140737488355328
99, n021-end, 679490419983015151/9007199254740992
91, n007-init, 339898052819081849/4503599627370496
72, n004-init, 340619038318831391/4503599627370496
81, n004-end, 170547665481575939/2251799813685248
85, n017-end, 682758179338270463/9007199254740992
88, n017-init, 682758179338270463/9007199254740992
70, initial, 42691175422995721/562949953421312
73, n004-init, 21416988466233189/281474976710656
70, n002-init, 10720163731319919/140737488355328
80, n004-end, 686966657010025815/9007199254740992
85, n009-init, 687545789868943361/9007199254740992
85, n009-end, 687545789868943361/9007199254740992
71, n004-init, 693442618609354999/9007199254740992
70, n002-end, 86838895677140109/1125899906842624
83, n004-init, 697036359707277051/9007199254740992
95, n011-end, 699328932999215235/9007199254740992
85, n020-init, 700527896230998791/9007199254740992
85, n021-init, 350316919036788679/4503599627370496
88, n017-end, 702398055087572459/9007199254740992
91, n007-end, 351416562812122763/4503599627370496
81, n004-init, 707332470426724589/9007199254740992
69, initial, 44365636621039513/562949953421312
85, n020-end, 710422693402242287/9007199254740992
99, n027-init, 710537688940842683/9007199254740992
90, n028-end, 355523467595076627/4503599627370496
88, n009-init, 711846370441457627/9007199254740992
70, n004-init, 356958179491800031/4503599627370496
80, n004-init, 89371430497783119/1125899906842624
91, n014-init, 178910177611926171/2251799813685248
95, final, 178910177611926171/2251799813685248
69, n002-init, 44799445359262891/562949953421312
88, n020-init, 359677324667675985/4503599627370496
75, n004-end, 719362324382991367/9007199254740992
68, initial, 45132620613898215/562949953421312
91, n014-end, 181294259717894819/2251799813685248
90, final, 362637521196341427/4503599627370496
88, n020-end, 726276913014590321/9007199254740992
69, n002-end, 182023820026506417/2251799813685248
68, n002-init, 182847834080825883/2251799813685248
68, n002-end, 734227735942907827/9007199254740992
76, n004-end, 734347788320060087/9007199254740992
67, initial, 1439200206394803/17592186044416
82, n004-end, 368983007087950003/4503599627370496
88, n009-end, 744327834258121115/9007199254740992
67, n002-init, 744833211680583215/9007199254740992
91, n017-init, 746194865469686421/9007199254740992
69, n004-init, 186805584864435835/2251799813685248
75, n004-init, 747290474047810947/9007199254740992
94, n004-end, 748317537567404649/9007199254740992
76, final, 749760581807784361/9007199254740992
66, initial, 46880782454145861/562949953421312
68, n004-init, 751409473189422039/9007199254740992
67, n002-end, 94139294746430119/1125899906842624
66, n002-init, 379078014148912667/4503599627370496
89, n004-end, 759753223563180105/9007199254740992
82, n004-init, 382146816057198565/4503599627370496
67, n004-init, 764682847594238911/9007199254740992
66, n002-end, 384178405702856829/4503599627370496
91, n017-end, 771188343688526469/9007199254740992
89, n007-init, 775741119848506739/9007199254740992
94, n004-init, 776314561853529853/9007199254740992
74, n004-end, 777429083926092661/9007199254740992
68, n004-end, 779175245756071715/9007199254740992
91, n009-init, 780596178142938163/9007199254740992
77, n004-end, 781082861661152337/9007199254740992
97, n004-end, 783432169346431737/9007199254740992
81, n004-end, 784364560469060877/9007199254740992
99, n027-end, 787068258128675003/9007199254740992
69, n004-end, 197230787497850701/2251799813685248
66, n004-init, 394707612831865551/4503599627370496
91, n020-init, 395204905459775665/4503599627370496
91, n020-end, 397117071353921717/4503599627370496
77, n007-init, 800479999984997807/9007199254740992
74, n004-init, 400249679274856343/4503599627370496
97, final, 802143216033225783/9007199254740992
99, final, 805723519340706759/9007199254740992
78, n004-end, 806136355587860387/9007199254740992
83, n004-end, 808767423870607355/9007199254740992
85, n021-end, 404398011572039583/4503599627370496
88, n021-init, 404398011572039583/4503599627370496
65, initial, 50562665584539547/562949953421312
68, n004-init, 809914073631739437/9007199254740992
81, n004-init, 406370685549294803/4503599627370496
87, n004-end, 816276432515197097/9007199254740992
69, n004-init, 408354586889476087/4503599627370496
65, n002-init, 204528487464813933/2251799813685248
64, initial, 6447889272660099/70368744177664
83, n007-init, 831357474209035359/9007199254740992
89, n007-end, 831780779764259107/9007199254740992
87, n007-init, 415970796932631419/4503599627370496
65, n002-end, 415990926889752117/4503599627370496
83, n007-end, 833741381757339807/9007199254740992
64, n002-init, 417227197620899617/4503599627370496
78, n004-init, 834704727126171039/9007199254740992
77, n007-end, 835300639351393263/9007199254740992
63, initial, 26211826240253927/281474976710656
91, n009-end, 839697795978165179/9007199254740992
89, n014-init, 419984183426644025/4503599627370496
85, n027-init, 420019910410662869/4503599627370496
73, n004-end, 26299808070726883/281474976710656
64, n002-end, 210679708457184589/2251799813685248
70, n004-end, 423033011640743903/4503599627370496
87, n007-end, 423381760046672531/4503599627370496
63, n002-init, 423741243520893679/4503599627370496
63, n002-end, 423741243520893679/4503599627370496
65, n004-init, 848315953678382023/9007199254740992
89, n014-end, 425176483285248361/4503599627370496
83, n014-init, 425176483285248361/4503599627370496
88, n021-end, 426775553739881375/4503599627370496
91, n021-init, 426775553739881375/4503599627370496
82, n004-end, 426934844135420501/4503599627370496
83, n014-end, 429311495783910963/4503599627370496
77, n014-init, 429311495783910963/4503599627370496
86, n004-end, 860864127050885707/9007199254740992
64, n004-init, 430710718440154289/4503599627370496
73, n004-init, 431142408041268117/4503599627370496
72, n004-end, 431572655529295359/4503599627370496
66, n004-end, 432019845672637567/4503599627370496
62, initial, 13541203794835291/140737488355328
77, n014-end, 433730013308309757/4503599627370496
87, n014-init, 433730013308309757/4503599627370496
63, n004-init, 435012084475565815/4503599627370496
82, n007-init, 872781198539555529/9007199254740992
82, n007-end, 872781198539555529/9007199254740992
70, n004-init, 437079004440341451/4503599627370496
62, n002-init, 875408878926723603/9007199254740992
62, n002-end, 875793446108669129/9007199254740992
87, n014-end, 54784024472213837/562949953421312
89, n017-init, 54784024472213837/562949953421312
88, n028-init, 110166206061441425/1125899906842624
72, n007-init, 883863633095578169/9007199254740992
91, n021-end, 441977711761789231/4503599627370496
66, n007-init, 442298860343362315/4503599627370496
86, n004-init, 445039340891882221/4503599627370496
89, n017-end, 445672573419369517/4503599627370496
83, n017-init, 445672573419369517/4503599627370496
61, initial, 13944076606289023/140737488355328
62, n004-init, 446617514543789577/4503599627370496
89, n009-init, 28121801042649587/281474976710656
61, n002-init, 901220523391253545/9007199254740992
67, n004-end, 901514003704778287/9007199254740992
69, n004-end, 451628729952957431/4503599627370496
83, n017-end, 452150647516934905/4503599627370496
82, n014-init, 452150647516934905/4503599627370496
89, n009-end, 56541505169037191/562949953421312
75, n004-end, 905851048000450243/9007199254740992
61, n002-end, 906579015492428369/9007199254740992
89, n021-init, 226652901154925045/2251799813685248
89, n020-init, 454402311006556255/4503599627370496
89, n020-end, 910744341292045029/9007199254740992
83, n009-init, 228394819167691919/2251799813685248
60, initial, 57102228662068847/562949953421312
82, n014-end, 228682228986255161/2251799813685248
77, n017-init, 228682228986255161/2251799813685248
66, n007-end, 459907566910181893/4503599627370496
72, n007-end, 921308510501384713/9007199254740992
83, n020-init, 461192230462930635/4503599627370496
83, n020-end, 461192230462930635/4503599627370496
60, n002-init, 922399703558430699/9007199254740992
61, n004-init, 923691849856391731/9007199254740992
75, final, 462903924818008487/4503599627370496
69, n004-init, 463886129238402263/4503599627370496
67, n004-init, 928978668473248921/9007199254740992
77, n017-end, 232277780586012795/2251799813685248
87, n017-init, 232277780586012795/2251799813685248
77, n009-init, 936630452566294817/9007199254740992
83, n021-init, 234319695479430295/2251799813685248
83, n021-end, 234319695479430295/2251799813685248
94, n004-end, 937358150424723581/9007199254740992
60, n002-end, 938028833023802563/9007199254740992
77, n021-init, 58989655214511819/562949953421312
77, n009-end, 944098056842494141/9007199254740992
77, n020-init, 945429220778472883/9007199254740992
59, initial, 59315874967565115/562949953421312
87, n017-end, 238484179322407145/2251799813685248
66, n014-init, 238484179322407145/2251799813685248
59, n002-init, 479435552276730865/4503599627370496
87, n009-init, 240100185847302885/2251799813685248
60, n004-init, 960742957070657339/9007199254740992
80, n004-end, 120155312872713271/1125899906842624
71, n004-end, 962911989505359287/9007199254740992
89, n021-end, 240904449676753817/2251799813685248
66, n014-end, 240924698313638163/2251799813685248
72, n014-init, 240924698313638163/2251799813685248
67, n004-end, 963870036370324197/9007199254740992
94, n004-init, 482998198023406059/4503599627370496
83, n009-end, 242130822056775475/2251799813685248
77, n020-end, 968787149505763215/9007199254740992
87, n021-init, 485308504203645005/4503599627370496
81, n004-end, 485440609387019971/4503599627370496
59, n002-end, 242922098109006705/2251799813685248
87, n020-init, 972451732527706597/9007199254740992
85, n027-end, 486683543174889165/4503599627370496
83, n027-init, 486683543174889165/4503599627370496
72, n014-end, 486924745764424119/4503599627370496
82, n017-init, 486924745764424119/4503599627370496
80, final, 978272890807658891/9007199254740992
67, final, 979347147547088545/9007199254740992
59, n004-init, 495384466876917329/4503599627370496
71, n004-init, 991451031307543477/9007199254740992
87, n009-end, 247892931339967989/2251799813685248
85, final, 15529689569021965/140737488355328
87, n020-end, 994422645974988189/9007199254740992
81, n004-init, 499282599224134973/4503599627370496
62, n004-end, 501815478052689601/4503599627370496
82, n017-end, 507343893766898015/4503599627370496
66, n016-init, 507343893766898015/4503599627370496
87, n021-end, 509246615533284297/4503599627370496
82, n009-init, 63871171945939601/562949953421312
66, n016-end, 512229749583220653/4503599627370496
72, n016-init, 512229749583220653/4503599627370496
58, initial, 64122001614760593/562949953421312
82, n021-init, 1028827131733084443/9007199254740992
82, n020-init, 1030617324022978281/9007199254740992
72, n016-end, 515744313367930389/4503599627370496
62, n004-init, 129092141589267183/1125899906842624
58, n002-init, 259068494592943351/2251799813685248
71, n004-end, 1036763278382391341/9007199254740992
77, n021-end, 64907582657356941/562949953421312
66, n011-init, 1040773205914294181/9007199254740992
58, n002-end, 1041941992195024541/9007199254740992
82, n020-end, 1042566948052012217/9007199254740992
83, n027-end, 522134078001698765/4503599627370496
87, n027-init, 522611197871758345/4503599627370496
68, n004-end, 1045552674342914189/9007199254740992
70, n004-end, 523730513070763483/4503599627370496
72, n011-init, 524003049853638347/4503599627370496
74, n004-end, 527959695060082263/4503599627370496
82, n009-end, 16558159091201523/140737488355328
61, n004-end, 1060114439408736067/9007199254740992
57, initial, 66273081830018401/562949953421312
82, n021-end, 1061311012453322419/9007199254740992
58, n004-init, 1062531912378548553/9007199254740992
68, final, 1063745539113662789/9007199254740992
71, n004-init, 1064304959237242115/9007199254740992
83, final, 1065759293420728677/9007199254740992
57, n002-init, 533584532784987687/4503599627370496
56, initial, 4185819888109975/35184372088832
64, n004-end, 536625653900713233/4503599627370496
70, n004-init, 537048006618543231/4503599627370496
74, n007-init, 538513569417644311/4503599627370496
56, n002-init, 1079111031006009019/9007199254740992
55, initial, 67550134820968847/562949953421312
61, n004-init, 1082259222588637653/9007199254740992
78, n004-end, 1082396041304099807/9007199254740992
57, n002-end, 541389237596971285/4503599627370496
65, n004-end, 1083939962726764103/9007199254740992
86, n004-end, 542191982845436589/4503599627370496
54, initial, 33944574520274057/281474976710656
55, n002-init, 544419367771624567/4503599627370496
56, n002-end, 1089495184532470657/9007199254740992
72, n011-end, 546685654556871219/4503599627370496
81, n004-end, 546936673069219221/4503599627370496
54, n002-init, 548305158880597043/4503599627370496
64, n004-init, 68680267223907161/562949953421312
73, n004-end, 549782489428943765/4503599627370496
55, n002-end, 550139080295803871/4503599627370496
86, n007-init, 137676117352242771/1125899906842624
86, n007-end, 137676117352242771/1125899906842624
57, n004-init, 551411468184538895/4503599627370496
65, final, 1102996582616205707/9007199254740992
56, n004-init, 1104366718316247679/9007199254740992
69, n004-end, 552462521385558727/4503599627370496
53, initial, 34553548555572495/281474976710656
86, n014-init, 553833077310806605/4503599627370496
54, n002-end, 553851993884085665/4503599627370496
81, n007-init, 1107737341400333319/9007199254740992
78, n004-init, 1109310806501662021/9007199254740992
74, n007-end, 554941933181552737/4503599627370496
66, n011-end, 1110315089200372957/9007199254740992
72, final, 555410525601544469/4503599627370496
53, n002-init, 557448945108007863/4503599627370496
81, n007-end, 1115597719878327635/9007199254740992
86, n014-end, 69761111893667235/562949953421312
74, n014-init, 1119488717770060601/9007199254740992
53, n002-end, 1121106144071094959/9007199254740992
55, n004-init, 561060983932567903/4503599627370496
52, initial, 8769113904272721/70368744177664
54, n004-init, 70179010592710953/562949953421312
73, n004-init, 1123688383890233975/9007199254740992
63, n004-end, 562189504568858903/4503599627370496
88, n028-end, 140899220278580429/1125899906842624
91, n028-init, 140899220278580429/1125899906842624
74, n014-end, 1127353581673866181/9007199254740992
81, n014-init, 1127353581673866181/9007199254740992
52, n002-init, 70561441685124121/562949953421312
66, final, 1130155986731362235/9007199254740992
69, n004-init, 566032987222755553/4503599627370496
81, n014-end, 1136129343489928775/9007199254740992
86, n016-init, 1136129343489928775/9007199254740992
53, n004-init, 1139096421459774501/9007199254740992
52, n002-end, 71316869772680831/562949953421312
88, final, 1143206927351019395/9007199254740992
87, n027-end, 572570078898141993/4503599627370496
51, initial, 559298214549841/4398046511104
62, n004-end, 143629119423472245/1125899906842624
51, n002-init, 576837906574262155/4503599627370496
50, initial, 36091163225828499/281474976710656
63, n004-init, 1156418333304812273/9007199254740992
58, n004-end, 1156830803392223321/9007199254740992
49, initial, 36184643658174519/281474976710656
86, n016-end, 1158852355968307463/9007199254740992
74, n017-init, 1158852355968307463/9007199254740992
87, final, 580829306517111771/4503599627370496
52, n004-init, 72619781072560719/562949953421312
48, initial, 72646146733331621/562949953421312
50, n002-init, 581304629329445495/4503599627370496
69, n004-end, 582294314541287297/4503599627370496
51, n002-end, 582572090313283611/4503599627370496
94, n004-end, 583164018343648923/4503599627370496
50, n002-end, 291645680946323823/2251799813685248
62, final, 1166986848410147453/9007199254740992
48, n002-init, 291807916570402445/2251799813685248
49, n002-init, 584052769332373705/4503599627370496
86, n011-init, 1179097426245354299/9007199254740992
48, n002-end, 36874228557761001/281474976710656
47, initial, 36875231160795027/281474976710656
58, n004-init, 36877569755068977/281474976710656
49, n002-end, 591534269793489555/4503599627370496
50, n004-init, 295864599559266641/2251799813685248
51, n004-init, 1183697554236329997/9007199254740992
60, n004-end, 1185209207970236475/9007199254740992
47, n002-init, 593212785441090791/4503599627370496
46, initial, 37083306175923813/281474976710656
61, n004-end, 1188056343882944581/9007199254740992
45, initial, 74336423853013539/562949953421312
53, n004-end, 1191225407002602901/9007199254740992
74, n017-end, 1191269684389617807/9007199254740992
81, n017-init, 1191269684389617807/9007199254740992
69, n004-init, 595809078502328729/4503599627370496
46, n002-init, 596922048514733821/4503599627370496
48, n004-init, 1195991971885437931/9007199254740992
44, initial, 74752573883271111/562949953421312
45, n002-init, 1196379073110089313/9007199254740992
47, n002-end, 299192816307837775/2251799813685248
94, n004-init, 598610888906256251/4503599627370496
49, n004-init, 599071656121956873/4503599627370496
89, n028-init, 599071656121956873/4503599627370496
43, initial, 74961006672267555/562949953421312
74, n009-init, 1200457545698338363/9007199254740992
60, final, 1200784661627693373/9007199254740992
42, initial, 9385738066224725/70368744177664
74, n009-end, 1201987143228928735/9007199254740992
45, n002-end, 1202035325528036025/9007199254740992
81, n017-end, 1203744673372406135/9007199254740992
46, n002-end, 602051485507689677/4503599627370496
44, n002-init, 602539389826735213/4503599627370496
61, final, 1205509955657349253/9007199254740992
53, final, 37722513414683043/281474976710656
74, n021-init, 1209304159414509009/9007199254740992
42, n002-init, 604885093144947071/4503599627370496
41, initial, 75615081595845279/562949953421312
74, n020-init, 605313025908539449/4503599627370496
43, n002-init, 151341611203774393/1125899906842624
59, n004-end, 606163289935036401/4503599627370496
81, n009-init, 1212765358167354557/9007199254740992
44, n002-end, 1213768146112885113/9007199254740992
47, n004-init, 9486952534791023/70368744177664
40, initial, 75981821153891679/562949953421312
41, n002-init, 1217243579641902283/9007199254740992
42, n002-end, 1217598827043163357/9007199254740992
45, n004-init, 1218263213351958855/9007199254740992
43, n002-end, 19041634694237355/140737488355328
46, n004-init, 305730336567562235/2251799813685248
81, n020-init, 1222999923883668877/9007199254740992
40, n002-init, 612066652658571035/4503599627370496
44, n004-init, 1228412389537363651/9007199254740992
41, n002-end, 1229669431742239391/9007199254740992
74, n020-end, 615636980013925975/4503599627370496
59, final, 616668757138374789/4503599627370496
39, initial, 77138370661079795/562949953421312
81, n020-end, 1235312879099137005/9007199254740992
42, n004-init, 1236193980294289085/9007199254740992
38, initial, 38650827593992485/281474976710656
40, n002-end, 309337791540528713/2251799813685248
56, n004-end, 1239432283228872735/9007199254740992
43, n004-init, 620340750545722685/4503599627370496
70, n004-end, 620664449388087743/4503599627370496
39, n002-init, 620860394488618355/4503599627370496
38, n002-init, 155798438270059875/1125899906842624
54, n004-end, 38956608373639933/281474976710656
39, n002-end, 1247800131538967111/9007199254740992
81, n009-end, 1250003773062161933/9007199254740992
41, n004-init, 1250811020808698375/9007199254740992
40, n004-init, 1252650774669063845/9007199254740992
86, n011-end, 1253822952702536523/9007199254740992
37, initial, 39185253214967795/281474976710656
38, n002-end, 157073853689675133/1125899906842624
70, final, 1259924113693460999/9007199254740992
39, n004-init, 315470936330550251/2251799813685248
37, n002-init, 631285771247877461/4503599627370496
56, n004-init, 1267192949659178861/9007199254740992
54, n004-init, 1269239337646469471/9007199254740992
86, final, 1272772707792400765/9007199254740992
37, n002-end, 159159377247448279/1125899906842624
38, n004-init, 318719699117866097/2251799813685248
69, n004-end, 637937776036584665/4503599627370496
36, initial, 19983961944139763/140737488355328
58, n004-end, 1253354736268301/8796093022208
71, n004-end, 1284002168347413539/9007199254740992
41, n004-end, 1286536545428755215/9007199254740992
36, n002-init, 1287274847992793613/9007199254740992
77, n028-init, 644381422279185339/4503599627370496
94, n004-end, 644381422279185339/4503599627370496
37, n004-init, 1289649404400548595/9007199254740992
63, n004-end, 1293884226746833249/9007199254740992
44, n004-end, 1296684618016494139/9007199254740992
36, n002-end, 1299040027209385697/9007199254740992
35, initial, 10160956738737419/70368744177664
58, n007-init, 1301472636245276065/9007199254740992
69, n004-init, 650880301292649987/4503599627370496
41, final, 162779408132402275/1125899906842624
71, n007-init, 1302464542646328651/9007199254740992
73, n004-end, 1305359719762680247/9007199254740992
94, final, 163283673924405373/1125899906842624
35, n002-init, 163668534725066181/1125899906842624
63, final, 1310342249931260877/9007199254740992
35, n002-end, 164474604891161669/1125899906842624
36, n004-init, 1317650072188252813/9007199254740992
78, n004-end, 1321719480046889573/9007199254740992
34, initial, 83060987366105605/562949953421312
44, n004-init, 664516183260069657/4503599627370496
73, n004-init, 83371340616644771/562949953421312
35, n004-init, 41787907800531329/281474976710656
34, n002-init, 669281419508234965/4503599627370496
34, n002-end, 669281419508234965/4503599627370496
52, n004-end, 83753692661336743/562949953421312
48, n004-end, 1340267307964043115/9007199254740992
74, n021-end, 1340564019281178305/9007199254740992
81, n021-init, 1340564019281178305/9007199254740992
81, n021-end, 1340564019281178305/9007199254740992
50, n004-end, 335666467310045337/2251799813685248
58, n007-end, 1342952405592061233/9007199254740992
78, n004-init, 335948622531770219/2251799813685248
55, n004-end, 672768809521820959/4503599627370496
89, n028-end, 673259452783631049/4503599627370496
82, n028-init, 673259452783631049/4503599627370496
64, n004-end, 84315858780712515/562949953421312
37, n004-end, 1349480355954113467/9007199254740992
71, n007-end, 1352113923485071147/9007199254740992
58, n014-init, 339472395625760051/2251799813685248
91, n028-end, 169793865127826793/1125899906842624
48, final, 340013176328899071/2251799813685248
34, n004-init, 680871283605339023/4503599627370496
33, initial, 85219700830308673/562949953421312
42, n004-end, 1364299322054805581/9007199254740992
32, initial, 85290564768674781/562949953421312
89, final, 1365016529911519795/9007199254740992
73, n004-end, 170642944877580281/1125899906842624
50, n004-init, 1366229189157146717/9007199254740992
58, n014-end, 42699212834624111/281474976710656
71, n014-init, 42699212834624111/281474976710656
55, n004-init, 42718238961141577/281474976710656
57, n004-end, 683586532784325007/4503599627370496
74, n028-init, 1367249924980668733/9007199254740992
52, n004-init, 341917702074433021/2251799813685248
46, n004-end, 342242392344541195/2251799813685248
81, n027-init, 1368974941328149873/9007199254740992
64, n007-init, 684520745072448145/4503599627370496
51, n004-end, 1370502723468001005/9007199254740992
49, n004-end, 686472203442403161/4503599627370496
71, n014-end, 1375080313485004221/9007199254740992
33, n002-init, 85952274757698589/562949953421312
32, n002-init, 86072459371163897/562949953421312
57, n007-init, 1377281040890124951/9007199254740992
91, final, 689778531389038891/4503599627370496
37, n004-init, 1380785498110110197/9007199254740992
33, n002-end, 1381248427465902847/9007199254740992
58, n017-init, 43196937011028753/281474976710656
73, n007-init, 691916523987025827/4503599627370496
51, n007-init, 692159847672514411/4503599627370496
42, n004-init, 1384506969421220287/9007199254740992
31, initial, 43274545100200351/281474976710656
58, n017-end, 692569950458844551/4503599627370496
30, initial, 21644110341091289/140737488355328
51, n007-end, 693813745736910449/4503599627370496
32, n002-end, 694277036659765701/4503599627370496
71, n017-init, 1388751471699079915/9007199254740992
56, n004-end, 1390915928694293677/9007199254740992
58, n009-init, 347805650629475789/2251799813685248
46, final, 695804121219242035/4503599627370496
40, n004-end, 1392682368818797797/9007199254740992
77, n028-end, 696764590984982523/4503599627370496
31, n002-init, 87148421816892317/562949953421312
30, n002-init, 87182015213448023/562949953421312
64, n007-end, 697570451683250191/4503599627370496
33, n004-init, 349574030531981411/2251799813685248
29, initial, 10933500004848239/70368744177664
38, n004-end, 350235326360251405/2251799813685248
31, n002-end, 1401993476413719261/9007199254740992
49, n004-init, 701263916397781869/4503599627370496
58, n020-init, 350726282420088509/2251799813685248
30, n002-end, 1403035802171616795/9007199254740992
58, n021-init, 702189573123198649/4503599627370496
40, final, 1405712063008984513/9007199254740992
32, n004-init, 1408690260170723619/9007199254740992
58, n020-end, 1409883372904266291/9007199254740992
73, n007-end, 705139662892053461/4503599627370496
29, n002-init, 705473825963780069/4503599627370496
29, n002-end, 1412274212370691109/9007199254740992
28, initial, 88282708427340125/562949953421312
71, n017-end, 1412893073631236799/9007199254740992
51, n014-init, 1412893073631236799/9007199254740992
55, n004-end, 22096458663188071/140737488355328
77, final, 707184070317333103/4503599627370496
56, n004-init, 1416223075670054797/9007199254740992
50, n004-end, 1418100388657304429/9007199254740992
30, n004-init, 1419210615719911653/9007199254740992
38, final, 709897649547506933/4503599627370496
71, n009-init, 1420260102308397673/9007199254740992
58, n009-end, 177576502073192851/1125899906842624
28, n002-init, 355443493015444601/2251799813685248
51, n014-end, 1422673989330399819/9007199254740992
64, n014-init, 1422673989330399819/9007199254740992
31, n004-init, 1425618101385541889/9007199254740992
43, n004-end, 714133662141262381/4503599627370496
71, n009-end, 1428459874079588845/9007199254740992
29, n004-init, 714894150362554935/4503599627370496
57, n007-end, 1431000620097098167/9007199254740992
55, n004-init, 1431349202623967581/9007199254740992
71, n020-init, 178963219855318375/1125899906842624
64, n014-end, 1432246279985560717/9007199254740992
73, n014-init, 1432246279985560717/9007199254740992
71, n020-end, 179494527149817791/1125899906842624
50, n007-init, 1436911765065829167/9007199254740992
50, n007-end, 1436911765065829167/9007199254740992
52, n004-end, 359234425447640905/2251799813685248
28, n002-end, 359262126128789489/2251799813685248
73, n014-end, 1439774458725711553/9007199254740992
57, n014-init, 1440075145572635235/9007199254740992
27, initial, 45260371705022197/281474976710656
57, n014-end, 1449427904483125857/9007199254740992
51, n017-init, 1449427904483125857/9007199254740992
54, n004-end, 1452666536941634943/9007199254740992
52, n007-init, 1452794047104004731/9007199254740992
28, n004-init, 1454094777935762567/9007199254740992
43, n004-init, 1455672031621569527/9007199254740992
49, n004-end, 727964362472577053/4503599627370496
26, initial, 45520474557313079/281474976710656
27, n002-init, 728985628546633887/4503599627370496
42, n004-end, 1459204393416727711/9007199254740992
47, n004-end, 22809578650966991/140737488355328
35, n004-end, 1425666989245357/8796093022208
26, n002-init, 91524835994616057/562949953421312
30, n004-end, 1466132809589551925/9007199254740992
58, n021-end, 734660870827817169/4503599627370496
71, n021-init, 734660870827817169/4503599627370496
51, n017-end, 1469769300409868529/9007199254740992
50, n014-init, 1469769300409868529/9007199254740992
52, n007-end, 1471252218277999591/9007199254740992
81, n027-end, 1474371782687576113/9007199254740992
27, n002-end, 368675496770128113/2251799813685248
51, n009-init, 1476643627667470743/9007199254740992
37, n004-end, 1477304753812071189/9007199254740992
26, n002-end, 738915703662100039/4503599627370496
50, n014-end, 1479070803208671471/9007199254740992
64, n017-init, 1479070803208671471/9007199254740992
69, n004-end, 740805206276229987/4503599627370496
49, n004-init, 741167335613773751/4503599627370496
54, n004-init, 1483059287816790621/9007199254740992
25, initial, 92740599280627635/562949953421312
30, final, 1486799829005034215/9007199254740992
45, n004-end, 1486942202513359623/9007199254740992
42, n004-init, 46472395179198487/281474976710656
51, n020-init, 1487146667137313303/9007199254740992
56, n004-end, 1488011894882221261/9007199254740992
47, n004-init, 744022471941258693/4503599627370496
35, n004-init, 745149085803558357/4503599627370496
27, n004-init, 745173304018489655/4503599627370496
26, n004-init, 186366199639353221/1125899906842624
81, final, 372826541456547913/2251799813685248
71, n021-end, 746012024349957093/4503599627370496
51, n021-init, 746012024349957093/4503599627370496
25, n002-init, 746842022890517763/4503599627370496
64, n017-end, 1495414143129038863/9007199254740992
73, n017-init, 1495414143129038863/9007199254740992
58, n027-init, 1498879284339216203/9007199254740992
69, final, 11726845239541919/70368744177664
28, n004-end, 1501269893960475967/9007199254740992
56, n007-init, 1502604429738397659/9007199254740992
24, initial, 93971911305236579/562949953421312
23, initial, 94002728556823525/562949953421312
64, n009-init, 1505607732158851207/9007199254740992
39, n004-end, 376465370329848147/2251799813685248
51, n009-end, 1505967271956842795/9007199254740992
51, n020-end, 1507224809394090359/9007199254740992
37, n004-init, 1507408833418193575/9007199254740992
45, n004-init, 1507985868582371525/9007199254740992
25, n002-end, 754268775094352439/4503599627370496
73, n017-end, 1510548227179892531/9007199254740992
57, n017-init, 1510548227179892531/9007199254740992
24, n002-init, 1511304966149803121/9007199254740992
64, n020-init, 189147875806014479/1125899906842624
64, n020-end, 1513919463236263139/9007199254740992
23, n002-init, 94674480143894911/562949953421312
82, n028-end, 758272101509652953/4503599627370496
24, n002-end, 1517199096933904569/9007199254740992
73, n009-init, 1520262585085814771/9007199254740992
32, n004-end, 1521107132485309891/9007199254740992
23, n002-end, 95085811917867443/562949953421312
78, n004-end, 380377263359727995/2251799813685248
57, n017-end, 1527673322408213823/9007199254740992
52, n014-init, 1527673322408213823/9007199254740992
28, n004-init, 382253114854449801/2251799813685248
25, n004-init, 382289582851535869/2251799813685248
73, n020-init, 1530821243334155271/9007199254740992
73, n020-end, 1532133690934943429/9007199254740992
22, initial, 95820438196538249/562949953421312
82, final, 766649881673878119/4503599627370496
39, n004-init, 767137933377330375/4503599627370496
57, n009-init, 1534351685711270245/9007199254740992
52, n014-end, 11998045816997505/70368744177664
50, n017-init, 11998045816997505/70368744177664
24, n004-init, 1536013203735105947/9007199254740992
23, n004-init, 385474977023279169/2251799813685248
22, n002-init, 385650416471007793/2251799813685248
57, n020-init, 385768641091625281/2251799813685248
57, n020-end, 193317269217800737/1125899906842624
73, n009-end, 1546746198165893623/9007199254740992
51, n021-end, 773594314051098237/4503599627370496
64, n021-init, 773594314051098237/4503599627370496
22, n002-end, 387026643489777529/2251799813685248
56, n007-end, 1549901951309148219/9007199254740992
32, n004-init, 1551631736631179171/9007199254740992
64, n021-end, 776053425091308717/4503599627370496
73, n021-init, 776053425091308717/4503599627370496
57, n009-end, 1552760082171140309/9007199254740992
49, n004-end, 776935284142320419/4503599627370496
78, n004-init, 777218008079581537/4503599627370496
36, n004-end, 1557337859324396365/9007199254740992
44, n004-end, 780417895930318953/4503599627370496
42, n004-end, 97612771372166493/562949953421312
28, n004-end, 97773628522227287/562949953421312
50, n017-end, 48955372165320907/281474976710656
52, n016-init, 48955372165320907/281474976710656
52, n016-end, 48955372165320907/281474976710656
56, n014-init, 48955372165320907/281474976710656
22, n004-init, 391829215310673699/2251799813685248
64, n009-end, 1569389371717407247/9007199254740992
74, n028-end, 1570036207562056477/9007199254740992
51, n028-init, 1572068697785940985/9007199254740992
29, n004-end, 787344323180000759/4503599627370496
56, n014-end, 98527370760988905/562949953421312
44, n007-init, 788520627804665567/4503599627370496
50, n009-init, 394683116607602831/2251799813685248
50, n009-end, 394683116607602831/2251799813685248
21, initial, 98736819780475223/562949953421312
36, final, 1580745254384710853/9007199254740992
52, n011-init, 1581651122049795043/9007199254740992
49, n004-init, 1583971501618366975/9007199254740992
42, n004-init, 1585550166275477471/9007199254740992
50, n020-init, 793493270402731637/4503599627370496
21, n002-init, 1587059539190796815/9007199254740992
74, final, 1589486912854854671/9007199254740992
28, n004-init, 796174715648659383/4503599627370496
21, n002-end, 1593602806169231399/9007199254740992
44, n007-end, 796847355777328657/4503599627370496
56, n016-init, 1595571933646094825/9007199254740992
50, n020-end, 800719974944945053/4503599627370496
25, n004-end, 400475118146857933/2251799813685248
29, n004-init, 801415417433086615/4503599627370496
45, n004-end, 1609573295160990165/9007199254740992
56, n016-end, 1613177427210188431/9007199254740992
44, n014-init, 1613177427210188431/9007199254740992
21, n004-init, 1614165147007436125/9007199254740992
58, n027-end, 1614316450707902235/9007199254740992
71, n027-init, 1614316450707902235/9007199254740992
73, n021-end, 809368866090586933/4503599627370496
57, n021-init, 809368866090586933/4503599627370496
44, n014-end, 1621953361230461715/9007199254740992
33, n004-end, 406223796934758723/2251799813685248
45, final, 1626909942509918185/9007199254740992
34, n004-end, 814138290970777391/4503599627370496
25, n004-init, 814863181490681059/4503599627370496
20, initial, 50952219334024699/281474976710656
58, final, 1633975180657644387/9007199254740992
20, n002-init, 102339211946322587/562949953421312
56, n011-init, 1638991681649223655/9007199254740992
37, n004-end, 1639040493686941159/9007199254740992
44, n017-init, 1639853484697925963/9007199254740992
54, n004-end, 1642366468515655389/9007199254740992
20, n002-end, 51409374532844265/281474976710656
34, final, 1646894584035185401/9007199254740992
64, n027-init, 1648620226908820447/9007199254740992
52, n011-end, 1649353735248055707/9007199254740992
29, n004-end, 825311832307888383/4503599627370496
33, n004-init, 1653525053639949205/9007199254740992
73, n028-init, 1654022491246769459/9007199254740992
43, n004-end, 1654447228230836023/9007199254740992
31, n004-end, 1655636479977735905/9007199254740992
35, n004-end, 827858413536157909/4503599627370496
44, n017-end, 1657074027908044103/9007199254740992
50, n021-init, 51814927129173135/281474976710656
19, initial, 51814927129173135/281474976710656
18, initial, 103724958097587075/562949953421312
20, n004-init, 414946040486776421/2251799813685248
37, n007-init, 1659979790174055977/9007199254740992
37, n007-end, 1659979790174055977/9007199254740992
26, n004-end, 208097475216299417/1125899906842624
19, n002-init, 52127039689189363/281474976710656
44, n009-init, 1668219548633548835/9007199254740992
18, n002-init, 52150413478426535/281474976710656
52, final, 834590149081470451/4503599627370496
44, n020-init, 1670422597045796725/9007199254740992
37, n014-init, 417656429651120679/2251799813685248
54, n004-init, 1673371765678927839/9007199254740992
28, n004-end, 837553158520991671/4503599627370496
19, n002-end, 419560131827699835/2251799813685248
29, n004-init, 839451021998771023/4503599627370496
31, n004-init, 1679974256308087645/9007199254740992
37, n014-end, 52510966635676191/281474976710656
18, n002-end, 420379087163098853/2251799813685248
26, n007-init, 13136853888255327/70368744177664
43, n004-init, 1682233415676929005/9007199254740992
35, n004-init, 842709330881030901/4503599627370496
78, n004-end, 842773620227485865/4503599627370496
55, n004-end, 1687576639535614397/9007199254740992
17, initial, 105503743864239491/562949953421312
39, n004-end, 845170633184875847/4503599627370496
27, n004-end, 845201719514101447/4503599627370496
16, initial, 13209850540690867/70368744177664
44, n020-end, 1691555671461261141/9007199254740992
15, initial, 52915217405150203/281474976710656
19, n004-init, 423445869776091055/2251799813685248
18, n004-init, 1694972615269033579/9007199254740992
17, n002-init, 1696983549497980643/9007199254740992
28, final, 424299637683078519/2251799813685248
16, n002-init, 424800818107770953/2251799813685248
14, initial, 106269630380059271/562949953421312
37, n017-init, 850561204441693299/4503599627370496
15, n002-init, 1701344696478421849/9007199254740992
17, n002-end, 106362169486716771/562949953421312
13, initial, 53224982193425621/281474976710656
16, n002-end, 852425354898969537/4503599627370496
44, n009-end, 1705057350322278451/9007199254740992
56, n011-end, 1706665922169831887/9007199254740992
13, n002-init, 854498852004004771/4503599627370496
55, n007-init, 1709213752431931643/9007199254740992
14, n002-init, 1709299225844233863/9007199254740992
15, n002-end, 427459312220266611/2251799813685248
78, n004-init, 213977345823098809/1125899906842624
27, n007-init, 428377103276509847/2251799813685248
37, n017-end, 857663380355677619/4503599627370496
71, n027-end, 1717114715082335707/9007199254740992
16, n004-init, 859210341367785621/4503599627370496
39, n004-init, 859701368497340427/4503599627370496
17, n004-init, 859701424778392501/4503599627370496
13, n002-end, 860377685442617621/4503599627370496
14, n002-end, 1720810514815474077/9007199254740992
56, final, 215104626113245571/1125899906842624
37, n009-init, 107796342347067363/562949953421312
15, n004-init, 432352891110167557/2251799813685248
26, n007-end, 108135127852753787/562949953421312
37, n020-init, 866146071747836051/4503599627370496
71, final, 866942105973265671/4503599627370496
14, n004-init, 434042290780951455/2251799813685248
37, n020-end, 434137995160413219/2251799813685248
13, n004-init, 434375496721349953/2251799813685248
47, n004-end, 868917512779396677/4503599627370496
31, n004-end, 1739372321865469661/9007199254740992
50, n021-end, 108731756330018701/562949953421312
44, n021-init, 108731756330018701/562949953421312
37, n009-end, 434967099107087699/2251799813685248
22, n004-end, 435029724520247539/2251799813685248
32, n004-end, 1740946671863191203/9007199254740992
25, n004-end, 870497678911462099/4503599627370496
26, n014-init, 871560830882038715/4503599627370496
12, initial, 27272101558010487/140737488355328
35, n004-end, 872975006564837665/4503599627370496
37, n021-init, 1747705095304563145/9007199254740992
27, n007-end, 437517106288723309/2251799813685248
26, n014-end, 1750929988560083763/9007199254740992
51, n028-end, 1752929655941438201/9007199254740992
23, n004-end, 438466491966741569/2251799813685248
12, n002-init, 438783122508294885/2251799813685248
55, n007-end, 1755405994544010651/9007199254740992
11, initial, 54903736179495635/281474976710656
22, n007-init, 439311383419390953/2251799813685248
27, n014-init, 879933761826072985/4503599627370496
32, final, 1760968735046553957/9007199254740992
57, n021-end, 880566781758979829/4503599627370496
50, n027-init, 880820570669288653/4503599627370496
73, n028-end, 1762948353274203219/9007199254740992
55, n014-init, 1763251115500334523/9007199254740992
11, n002-init, 1764511945764043283/9007199254740992
11, n002-end, 220611658545714113/1125899906842624
35, n007-init, 882823864411703721/4503599627370496
31, n004-init, 1765983631533170043/9007199254740992
47, n004-init, 441567930527108089/2251799813685248
25, n004-init, 441600516813426735/2251799813685248
24, n004-end, 1767485884718970459/9007199254740992
18, n004-end, 1767556680103401131/9007199254740992
43, n004-end, 1767573025735898013/9007199254740992
51, final, 1768258660789421819/9007199254740992
12, n002-end, 221140600948859313/1125899906842624
27, n014-end, 442383737976229977/2251799813685248
26, n017-init, 1771193640456928797/9007199254740992
55, n014-end, 885642167723392667/4503599627370496
22, n007-end, 221647200264957075/1125899906842624
23, final, 221880737101875593/1125899906842624
73, final, 443907991660374785/2251799813685248
26, n017-end, 1777238414641972713/9007199254740992
22, n014-init, 890789032829032721/4503599627370496
64, n027-end, 1781948393157198511/9007199254740992
26, n009-init, 1784568816603090959/9007199254740992
26, n009-end, 1784568816603090959/9007199254740992
11, n004-init, 892501346716368813/4503599627370496
10, initial, 27937685947800103/140737488355328
55, n017-init, 447135875441989855/2251799813685248
26, n021-init, 1788745492437573273/9007199254740992
57, n028-init, 1791557472563414911/9007199254740992
12, n004-init, 895856958999451119/4503599627370496
26, n020-init, 1792893591032253021/9007199254740992
19, n004-end, 448267571712334231/2251799813685248
22, n014-end, 896555213771354273/4503599627370496
27, n017-init, 896555213771354273/4503599627370496
78, n004-end, 224230150662777933/1125899906842624
18, n004-init, 1794046621261184121/9007199254740992
43, n004-init, 897266916461499227/4503599627370496
24, n004-init, 224395297101388385/1125899906842624
55, n017-end, 897701247722143075/4503599627370496
10, n002-init, 449246053709483889/2251799813685248
26, n020-end, 224768208537100415/1125899906842624
17, n004-end, 899524639591404933/4503599627370496
9, initial, 14069525561240817/70368744177664
64, final, 1802218519906850621/9007199254740992
55, n009-init, 1802247700477529055/9007199254740992
21, n004-end, 1802332204766423965/9007199254740992
35, n007-end, 901663415409868569/4503599627370496
39, n004-end, 903588361398114347/4503599627370496
22, n017-init, 1807305871353255793/9007199254740992
10, n002-end, 226091526623559959/1125899906842624
55, n020-init, 1809418972677374853/9007199254740992
20, n004-end, 452570102565747565/2251799813685248
9, n002-init, 905438657867605155/4503599627370496
11, n004-end, 906695521805937501/4503599627370496
9, n002-end, 1814092747169750325/9007199254740992
19, n004-init, 1814852120829822057/9007199254740992
22, n017-end, 1815015132074582379/9007199254740992
35, n014-init, 1815015132074582379/9007199254740992
55, n009-end, 1816028889624330121/9007199254740992
44, n021-end, 14192271287378505/70368744177664
55, n021-init, 14192271287378505/70368744177664
27, n017-end, 909915278376486593/4503599627370496
55, n020-end, 1820072506926363481/9007199254740992
78, n004-init, 1820191133919658693/9007199254740992
12, n004-end, 910317431934986223/4503599627370496
22, n009-init, 1822542977696066135/9007199254740992
22, n009-end, 1822542977696066135/9007199254740992
21, final, 1822660008107351391/9007199254740992
39, final, 1823496217669129137/9007199254740992
35, n014-end, 1824512475932834401/9007199254740992
10, n004-init, 456767245765517055/2251799813685248
14, n004-end, 456784072783287975/2251799813685248
27, n009-init, 1828803827951614745/9007199254740992
20, final, 228621220092620969/1125899906842624
9, n004-init, 228715223550892469/1125899906842624
22, n020-init, 1833460365011044467/9007199254740992
37, n021-end, 1833649504921284761/9007199254740992
22, n021-init, 1833649504921284761/9007199254740992
17, n004-init, 229212642152776771/1125899906842624
31, n004-end, 1833871612892093275/9007199254740992
49, n004-end, 1836694507515971711/9007199254740992
11, n004-init, 918795465019302669/4503599627370496
27, n021-init, 918795465019302669/4503599627370496
27, n020-init, 459624535718749187/2251799813685248
27, n020-end, 459624535718749187/2251799813685248
22, n020-end, 919265823683728105/4503599627370496
44, n028-init, 920951704219115141/4503599627370496
42, n004-end, 1845695464646958975/9007199254740992
12, n004-init, 922869580649918569/4503599627370496
35, n017-init, 1846300560045121655/9007199254740992
31, n007-init, 1851087328617979479/9007199254740992
8, initial, 115742746510447417/562949953421312
15, n004-end, 463587628843793769/2251799813685248
49, n004-init, 927689587476610811/4503599627370496
14, n004-init, 928282962623343349/4503599627370496
8, n002-init, 932014798895654021/4503599627370496
26, n021-end, 1865177331357939993/9007199254740992
16, n004-end, 933091713110813509/4503599627370496
37, n027-init, 1866436498154454697/9007199254740992
42, n007-init, 1866625841977851287/9007199254740992
35, n017-end, 1869353667162864971/9007199254740992
10, n004-end, 467377276127639207/2251799813685248
15, n007-init, 1870042760122651971/9007199254740992
27, n021-end, 935531379797491929/4503599627370496
27, n009-end, 1873886368956003321/9007199254740992
8, n002-end, 936967552867089847/4503599627370496
35, n009-init, 1876176371213134913/9007199254740992
7, initial, 58667775095935563/281474976710656
50, n027-end, 939202534078743341/4503599627370496
31, n007-end, 1879050941615919575/9007199254740992
10, final, 942105285490208937/4503599627370496
35, n021-init, 14723446723390509/70368744177664
7, n002-init, 471374277081049275/2251799813685248
35, n020-init, 1885812768682186999/9007199254740992
35, n020-end, 117957736983139535/562949953421312
22, n021-end, 1890588529272063297/9007199254740992
6, initial, 59090424587164999/281474976710656
18, n004-end, 1891032810172510873/9007199254740992
9, n004-end, 59175060199552295/281474976710656
8, n004-init, 236793970499200595/1125899906842624
54, n004-end, 1894367632777647807/9007199254740992
17, n004-end, 236883634657076005/1125899906842624
31, n014-init, 1895161929805670635/9007199254740992
7, n002-end, 947740783540611985/4503599627370496
16, n004-init, 237010297436906517/1125899906842624
55, n021-end, 29627838576236787/140737488355328
5, initial, 118519863393909265/562949953421312
50, final, 949055314973783143/4503599627370496
6, n002-init, 949606453056973139/4503599627370496
31, n014-end, 1903100947046769589/9007199254740992
5, n002-init, 1903934724029250211/9007199254740992
33, n004-end, 1907405664785773269/9007199254740992
17, final, 954079514980858329/4503599627370496
6, n002-end, 238578398615869243/1125899906842624
42, n007-end, 1910916445895071639/9007199254740992
5, n002-end, 956179065474045787/4503599627370496
15, n007-end, 1913035214736317355/9007199254740992
54, n007-init, 1915695861210506531/9007199254740992
7, n004-init, 479008281849324937/2251799813685248
9, n004-init, 958251275861458155/4503599627370496
18, n004-init, 1918085602556769517/9007199254740992
57, n028-end, 1918422072626590847/9007199254740992
26, n028-init, 1918422072626590847/9007199254740992
31, n017-init, 1919157376222134439/9007199254740992
13, n004-end, 479873584834821257/2251799813685248
35, n021-end, 120041620910607789/562949953421312
29, n004-end, 960377130557299935/4503599627370496
33, n007-init, 1922683174349920105/9007199254740992
4, initial, 120234901953082103/562949953421312
54, n007-end, 1924823563297549729/9007199254740992
35, n009-end, 1925191941159959073/9007199254740992
14, n004-end, 963065973913384093/4503599627370496
33, n007-end, 1928648871566355877/9007199254740992
6, n004-init, 965920819005728431/4503599627370496
3, initial, 120782239088741867/562949953421312
4, n002-init, 60473558677926491/281474976710656
4, n002-end, 60473558677926491/281474976710656
29, final, 60488079980122169/281474976710656
5, n004-init, 484054970762856461/2251799813685248
13, n007-init, 484209808260074591/2251799813685248
57, final, 1938820499496161631/9007199254740992
47, n004-end, 485099184093316017/2251799813685248
2, initial, 121284713719680279/562949953421312
3, n002-init, 486159345426308937/2251799813685248
14, n007-init, 1945289108913570439/9007199254740992
1, initial, 121689515490656675/562949953421312
2, n002-init, 974569912488487685/4503599627370496
37, n027-end, 1950269203778105529/9007199254740992
4, n004-init, 1951228624921722491/9007199254740992
7, n004-end, 487868528648224829/2251799813685248
31, n017-end, 1954389658436728199/9007199254740992
42, n014-init, 1954389658436728199/9007199254740992
3, n002-end, 978429364084022377/4503599627370496
1, n002-init, 978595377499379993/4503599627370496
43, n004-end, 978664210514656923/4503599627370496
1, n002-end, 490049520817145233/2251799813685248
42, n014-end, 1961988307539518251/9007199254740992
15, n014-init, 1961988307539518251/9007199254740992
31, n009-init, 981222575326497183/4503599627370496
2, n002-end, 981834799903478517/4503599627370496
47, n004-init, 122929213019671053/562949953421312
37, final, 984299184494578709/4503599627370496
12, n004-end, 984975480519253369/4503599627370496
15, n014-end, 1971717711532324891/9007199254740992
54, n014-init, 1971717711532324891/9007199254740992
3, n004-init, 1973956510265105615/9007199254740992
31, n021-init, 1974086699181704925/9007199254740992
1, n004-init, 987179135685162981/4503599627370496
31, n020-init, 1974613751438961617/9007199254740992
31, n020-end, 1974943686994536321/9007199254740992
43, n007-init, 988165262989180435/4503599627370496
7, n004-init, 1976413931130038501/9007199254740992
14, n007-end, 1976727814903134363/9007199254740992
13, n007-end, 494432801245480771/2251799813685248
31, n009-end, 989812234525276241/4503599627370496
54, n014-end, 1981722817832372565/9007199254740992
33, n014-init, 1981722817832372565/9007199254740992
2, n004-init, 1981870460749370317/9007199254740992
8, n004-end, 247870292307741619/1125899906842624
19, n004-end, 1989371109990056169/9007199254740992
12, n007-init, 1989430620648661277/9007199254740992
12, n007-end, 1989430620648661277/9007199254740992
33, n014-end, 1990495896283195289/9007199254740992
42, n017-init, 1990495896283195289/9007199254740992
25, n004-end, 499359249588447759/2251799813685248
42, n017-end, 2000554932383060293/9007199254740992
13, n014-init, 2000554932383060293/9007199254740992
16, n004-end, 250190250631392301/1125899906842624
13, n014-end, 1004422886126058579/4503599627370496
14, n014-init, 1004422886126058579/4503599627370496
42, n009-init, 2009150107862075697/9007199254740992
8, n004-init, 1005539663652022175/4503599627370496
43, n007-end, 1005637344388952567/4503599627370496
24, n004-end, 251444929773291741/1125899906842624
42, n021-init, 503893532424546501/2251799813685248
19, n004-init, 2015620397496964997/9007199254740992
14, n014-end, 2016954224114375967/9007199254740992
15, n017-init, 2016954224114375967/9007199254740992
25, final, 1009567010695700971/4503599627370496
42, n020-init, 252430816001598521/1125899906842624
42, n020-end, 2025343315468896109/9007199254740992
16, n004-init, 253688987586179155/1125899906842624
15, n017-end, 2030571709515790991/9007199254740992
54, n017-init, 2030571709515790991/9007199254740992
11, n004-end, 1016935476155161741/4503599627370496
44, n028-end, 1018009680508502181/4503599627370496
27, n028-init, 1018009680508502181/4503599627370496
1, n004-end, 1018784812402097565/4503599627370496
24, n004-init, 2038843066382153579/9007199254740992
15, n009-init, 2041807497268164981/9007199254740992
5, n004-end, 511162699869952897/2251799813685248
42, n009-end, 2048010051521787689/9007199254740992
1, n007-init, 1025536462933651087/4503599627370496
15, n020-init, 2051299371464796229/9007199254740992
15, n020-end, 2051299371464796229/9007199254740992
49, n004-end, 1025725025029122331/4503599627370496
15, n021-init, 2052536650109448617/9007199254740992
54, n017-end, 2053102379575385431/9007199254740992
12, n014-init, 2053102379575385431/9007199254740992
18, n004-end, 2053637556229150573/9007199254740992
44, final, 128483446390688263/562949953421312
19, n004-end, 2056873730371648933/9007199254740992
54, n009-init, 2061994028086288881/9007199254740992
12, n014-end, 2062392647243081729/9007199254740992
33, n017-init, 2062392647243081729/9007199254740992
9, n004-end, 1031694897720705643/4503599627370496
11, n004-init, 515912334242493307/2251799813685248
54, n021-init, 1034132927790510563/4503599627370496
42, n021-end, 517532057141627817/2251799813685248
31, n021-end, 2072287902485888237/9007199254740992
54, n020-init, 2073068902142173643/9007199254740992
1, n007-end, 1037258306190578471/4503599627370496
15, n021-end, 2075882842510912497/9007199254740992
49, n004-init, 1038277150197956125/4503599627370496
5, n004-init, 259649544489050055/1125899906842624
18, n004-init, 2080490211661620407/9007199254740992
6, n004-end, 1041018162648146351/4503599627370496
54, n009-end, 2083979102368362369/9007199254740992
78, n004-end, 2084645836702578469/9007199254740992
19, n004-init, 2085093981008973049/9007199254740992
54, n020-end, 2085607307185727595/9007199254740992
15, n009-end, 2089314301536599093/9007199254740992
33, n017-end, 2089876939535880241/9007199254740992
43, n014-init, 2089876939535880241/9007199254740992
9, n004-init, 261278170039738529/1125899906842624
26, n028-end, 2094957773699961439/9007199254740992
22, n028-init, 2094957773699961439/9007199254740992
43, n014-end, 2099115315545872695/9007199254740992
55, n028-init, 2099115315545872695/9007199254740992
13, n017-init, 2099115315545872695/9007199254740992
33, n009-init, 2100291739976159179/9007199254740992
78, n007-init, 2102519157998196085/9007199254740992
78, n007-end, 2104228402099456601/9007199254740992
33, n020-init, 2107419320999431979/9007199254740992
33, n021-init, 2107441285834426573/9007199254740992
6, n004-init, 2108280883688084861/9007199254740992
26, final, 1055161054399967441/4503599627370496
54, n021-end, 1055907900088467503/4503599627370496
7, n004-end, 2114833146541181269/9007199254740992
5, n004-end, 264835394423970907/1125899906842624
13, n017-end, 2125712293654245167/9007199254740992
14, n016-init, 2125712293654245167/9007199254740992
47, n004-end, 132936526643662211/562949953421312
3, n004-end, 2127874503505873743/9007199254740992
13, n009-init, 1066801933059311591/4503599627370496
33, n020-end, 2134049155649486275/9007199254740992
5, n007-init, 2136333760706216855/9007199254740992
13, n009-end, 1068542050206900261/4503599627370496
33, n009-end, 2137094085242196787/9007199254740992
7, n004-init, 66821510016495777/281474976710656
13, n020-init, 2140320125828424743/9007199254740992
13, n021-init, 2143424041076336805/9007199254740992
49, n004-end, 1072137238816359829/4503599627370496
3, final, 2144360304020700673/9007199254740992
11, n004-end, 536796719168511551/2251799813685248
8, n004-end, 1073934570185002231/4503599627370496
14, n016-end, 2150832021233256815/9007199254740992
12, n016-init, 2150832021233256815/9007199254740992
33, n021-end, 2152012940911100365/9007199254740992
13, n020-end, 2153324043298041379/9007199254740992
47, n004-init, 2156261651922242963/9007199254740992
5, n007-end, 2156893047539480275/9007199254740992
49, final, 1080611240767260983/4503599627370496
7, n004-end, 16927161489898455/70368744177664
12, n016-end, 2171216132286403511/9007199254740992
1, n014-init, 2171216132286403511/9007199254740992
8, n004-init, 2173456558415082157/9007199254740992
14, n011-init, 2173591669065294055/9007199254740992
16, n004-end, 271921608015605375/1125899906842624
19, n004-end, 2178130693191080969/9007199254740992
11, n004-init, 2178849184110116457/9007199254740992
13, n021-end, 2179287748560467665/9007199254740992
1, n014-end, 2180271586652747725/9007199254740992
78, n014-init, 2180271586652747725/9007199254740992
18, n004-end, 2181479380065739143/9007199254740992
22, n028-end, 2185530566525934959/9007199254740992
35, n028-init, 2185530566525934959/9007199254740992
12, n011-init, 2187550033391520823/9007199254740992
78, n014-end, 2189503178263091041/9007199254740992
42, n028-init, 2189503178263091041/9007199254740992
43, n017-init, 2189503178263091041/9007199254740992
7, n004-init, 2190531155216562395/9007199254740992
4, n004-end, 2193666940494286331/9007199254740992
47, n004-end, 2193957051019311659/9007199254740992
16, n004-init, 2195742580786837325/9007199254740992
18, final, 2198880655831920257/9007199254740992
22, final, 551595351965424537/2251799813685248
5, n014-init, 1104507194504521795/4503599627370496
47, final, 1104507194504521795/4503599627370496
19, n004-init, 2209797019037971565/9007199254740992
13, n027-init, 2210906433696668479/9007199254740992
4, final, 2213730371799434711/9007199254740992
43, n017-end, 2214738298259738273/9007199254740992
1, n016-init, 2214738298259738273/9007199254740992
2, n004-end, 2214780420518313837/9007199254740992
5, n014-end, 554662644763998995/2251799813685248
78, n016-init, 554662644763998995/2251799813685248
43, n009-init, 2223230187666937597/9007199254740992
43, n009-end, 2225670249209163273/9007199254740992
78, n016-end, 1112908309880078451/4503599627370496
43, n020-init, 1116213128751234345/4503599627370496
43, n021-init, 2233280082764001431/9007199254740992
1, n016-end, 2234516390457259517/9007199254740992
5, n017-init, 2238932556788767389/9007199254740992
14, n011-end, 2241602778838029599/9007199254740992
43, n020-end, 1120931235920538821/4503599627370496
12, n011-end, 2243686502026768583/9007199254740992
2, n004-init, 2244791401796203265/9007199254740992
78, n011-init, 1124118930913137937/4503599627370496
6, n004-end, 2251425365900257309/9007199254740992
1, n011-init, 563352470185740843/2251799813685248
14, final, 1129704244650125837/4503599627370496
24, n004-end, 2261947428754415851/9007199254740992
12, final, 2261947428754415851/9007199254740992
27, n028-end, 1131640002706687157/4503599627370496
31, n028-init, 1131640002706687157/4503599627370496
55, n028-end, 2264062354058093527/9007199254740992
15, n028-init, 2264062354058093527/9007199254740992
5, n017-end, 2266789390254005037/9007199254740992
43, n021-end, 2271942973814116415/9007199254740992
5, n009-init, 2276790227240480367/9007199254740992
11, n004-end, 2276890836630113753/9007199254740992
54, n028-init, 1139918640848481639/4503599627370496
55, final, 1139918640848481639/4503599627370496
6, n004-init, 142677591183513273/562949953421312
27, final, 571471751239109409/2251799813685248
5, n020-init, 2286008345522134975/9007199254740992
5, n021-init, 2287015308482719033/9007199254740992
5, n021-end, 2287015308482719033/9007199254740992
8, n004-end, 2294733001988624221/9007199254740992
24, n004-init, 2295720898928288507/9007199254740992
5, n020-end, 2299684279787039343/9007199254740992
5, n009-end, 2305083672965832047/9007199254740992
11, n004-init, 72051133927697567/281474976710656
1, n011-end, 577841338316926519/2251799813685248
8, final, 2312729612504675537/9007199254740992
78, n011-end, 1158360924779942657/4503599627370496
1, final, 2328775795073723921/9007199254740992
9, n004-end, 291560464006170293/1125899906842624
78, final, 1168544909433746261/4503599627370496
35, n028-end, 2338177373735881519/9007199254740992
33, n028-init, 2338177373735881519/9007199254740992
13, n027-end, 2339686865041327807/9007199254740992
43, n027-init, 2339686865041327807/9007199254740992
16, n004-end, 2349193640818239693/9007199254740992
9, n004-init, 2354567677449164907/9007199254740992
35, final, 588931240816860067/2251799813685248
13, final, 1179236882029419957/4503599627370496
5, n028-init, 2369444367832741435/9007199254740992
16, n007-init, 2369444367832741435/9007199254740992
7, n004-end, 2381740574667824091/9007199254740992
6, n004-end, 74608552473465739/281474976710656
7, n004-init, 2411908853308776669/9007199254740992
16, n007-end, 2414730502281677003/9007199254740992
6, n004-init, 75484072308890795/281474976710656
31, n028-end, 1211003336060135509/4503599627370496
16, n014-init, 605791860276517213/2251799813685248
42, n028-end, 2425245001477725121/9007199254740992
16, n014-end, 1215235860028460669/4503599627370496
33, n028-end, 2432471941293914015/9007199254740992
42, final, 2444336374909089507/9007199254740992
31, final, 2445351055232367289/9007199254740992
16, n016-init, 1222688950544030711/4503599627370496
33, final, 2452390369136727003/9007199254740992
16, n016-end, 1227530878694348051/4503599627370496
2, n004-end, 2468075728009575265/9007199254740992
16, n011-init, 1235114545085239499/4503599627370496
43, n027-end, 2470353403909929903/9007199254740992
24, n004-end, 2474989474327540059/9007199254740992
54, n028-end, 1237521552692780503/4503599627370496
19, n004-end, 2475314481260958221/9007199254740992
2, n007-init, 620642597943266979/2251799813685248
11, n004-end, 77679800295979623/281474976710656
43, final, 2488314499280761503/9007199254740992
15, n028-end, 2488534369565195671/9007199254740992
5, n028-end, 2490537154613479323/9007199254740992
54, final, 2494188965857188989/9007199254740992
24, n004-init, 1248799249945482343/4503599627370496
11, final, 2498129839273791203/9007199254740992
19, n004-init, 2502510723912821065/9007199254740992
15, final, 1253527156795699187/4503599627370496
5, final, 1253908111837895747/4503599627370496
2, n007-end, 630603169641219087/2251799813685248
16, n011-end, 1267869450355086483/4503599627370496
2, n014-init, 634707674511268165/2251799813685248
2, n014-end, 39827546430471781/140737488355328
16, final, 1277935875660019987/4503599627370496
2, n017-init, 2563061200518911391/9007199254740992
7, n004-end, 2580007510840231389/9007199254740992
2, n017-end, 2589493034238677511/9007199254740992
9, n004-end, 2594372197887649931/9007199254740992
7, n007-init, 1298268277532090815/4503599627370496
2, n009-init, 2600121454650161139/9007199254740992
6, n004-end, 20327621526827789/70368744177664
2, n020-init, 2602811737238465525/9007199254740992
2, n021-init, 1302043664730420015/4503599627370496
2, n021-end, 1302043664730420015/4503599627370496
24, n004-end, 1306005999032174703/4503599627370496
9, n007-init, 2614981797956043277/9007199254740992
2, n020-end, 2616685924031277307/9007199254740992
2, n009-end, 2621772272804764023/9007199254740992
7, n007-end, 1311669316146718245/4503599627370496
19, n004-end, 2629091236911502457/9007199254740992
7, n014-init, 2632860520905516113/9007199254740992
6, n004-init, 1316511226182513707/4503599627370496
24, n004-init, 2639129618874385669/9007199254740992
7, n014-end, 2642499846766497391/9007199254740992
2, n028-init, 330479447305264541/1125899906842624
19, n004-init, 2657258553714446817/9007199254740992
7, n016-init, 2661420212722385809/9007199254740992
9, n007-end, 2664128285743545685/9007199254740992
7, n016-end, 2683770456236075113/9007199254740992
9, n014-init, 2683770456236075113/9007199254740992
9, n014-end, 2694004364537377553/9007199254740992
19, n004-end, 2699795952914886625/9007199254740992
7, n011-init, 2703524101793324291/9007199254740992
9, n017-init, 2712470772518695029/9007199254740992
19, n007-init, 2714566339508344877/9007199254740992
9, n017-end, 2730578654136526153/9007199254740992
9, n009-init, 2736527901181998119/9007199254740992
9, n009-end, 2740460785862839075/9007199254740992
9, n020-init, 2748188711861421423/9007199254740992
19, n007-end, 2750343094937108169/9007199254740992
9, n021-init, 2753907539174127395/9007199254740992
19, n014-init, 1379690350081838359/4503599627370496
19, n014-end, 1384582505130633701/4503599627370496
7, n011-end, 2771274453147635091/9007199254740992
9, n021-end, 2776801327489814647/9007199254740992
9, n020-end, 2786091450365878959/9007199254740992
2, n028-end, 348605309905523945/1125899906842624
7, final, 348605309905523945/1125899906842624
19, n017-init, 349433095449171595/1125899906842624
19, n017-end, 350376943717536771/1125899906842624
2, final, 1403431044284908521/4503599627370496
19, n009-init, 1404621689832549377/4503599627370496
9, n027-init, 1405120366984581231/4503599627370496
19, n021-init, 1410180610261555125/4503599627370496
19, n009-end, 1410488302508685009/4503599627370496
19, n020-init, 705507973096893133/2251799813685248
19, n020-end, 705507973096893133/2251799813685248
6, n004-end, 1439432744627941675/4503599627370496
9, n027-end, 1446272458939641871/4503599627370496
6, final, 1448149267664499779/4503599627370496
24, n004-end, 2898046785627483237/9007199254740992
9, final, 1455720983403240947/4503599627370496
24, final, 2915456482074965271/9007199254740992
19, n021-end, 1466066593462733413/4503599627370496
19, n028-init, 2959834683979846603/9007199254740992
19, n028-end, 3129447451706023275/9007199254740992
19, final, 1572898727747857937/4503599627370496
